{
  "sample_size": 10000,
  "seed": 42,
  "data_pool": [
    {
      "alias": "magpie_pro",
      "length": 300000
    },
    {
      "alias": "magpie_reasoning",
      "length": 150000
    }
  ],
  "sample_source_counts": {
    "magpie_pro": 6594,
    "magpie_reasoning": 3406
  },
  "tokenizers": {
    "llama3_8b_instruct": {
      "path": "/workspace/CACHE/MODELS/models--meta-llama--Meta-Llama-3-8B-Instruct/snapshots/8afb486c1db24fe5011ec46dfbe5b5dccdb575c2",
      "overall": {
        "count": 10000,
        "mean": 617.8083,
        "median": 627.0,
        "stdev": 247.53650468387485,
        "min": 38,
        "max": 4087,
        "total": 6178083
      },
      "by_source": {
        "magpie_pro": {
          "count": 6594,
          "mean": 675.9792235365484,
          "median": 652.5,
          "stdev": 118.52595071914392,
          "min": 411,
          "max": 2065,
          "total": 4457407
        },
        "magpie_reasoning": {
          "count": 3406,
          "mean": 505.1896652965355,
          "median": 448.0,
          "stdev": 365.3346327092294,
          "min": 38,
          "max": 4087,
          "total": 1720676
        }
      }
    },
    "qwen25_7b_instruct": {
      "path": "/workspace/CACHE/MODELS/models--Qwen--Qwen2.5-7B-Instruct/snapshots/a09a35458c702b33eeacc393d103063234e8bc28",
      "overall": {
        "count": 10000,
        "mean": 626.7329,
        "median": 632.0,
        "stdev": 282.19454097765606,
        "min": 39,
        "max": 11809,
        "total": 6267329
      },
      "by_source": {
        "magpie_pro": {
          "count": 6594,
          "mean": 681.4629966636336,
          "median": 657.0,
          "stdev": 124.2987106444703,
          "min": 411,
          "max": 2259,
          "total": 4493567
        },
        "magpie_reasoning": {
          "count": 3406,
          "mean": 520.775689958896,
          "median": 456.0,
          "stdev": 432.2810520874957,
          "min": 39,
          "max": 11809,
          "total": 1773762
        }
      }
    },
    "gemma2_9b_it": {
      "path": "/workspace/CACHE/MODELS/models--google--gemma-2-9b-it/snapshots/11c9b309abf73637e4b6f9a3fa1e92e615547819",
      "overall": {
        "count": 10000,
        "mean": 644.6784,
        "median": 645.0,
        "stdev": 290.1383817653914,
        "min": 40,
        "max": 11796,
        "total": 6446784
      },
      "by_source": {
        "magpie_pro": {
          "count": 6594,
          "mean": 692.7347588717015,
          "median": 669.0,
          "stdev": 128.04873596690308,
          "min": 477,
          "max": 2653,
          "total": 4567893
        },
        "magpie_reasoning": {
          "count": 3406,
          "mean": 551.641514973576,
          "median": 486.0,
          "stdev": 449.7582978768016,
          "min": 40,
          "max": 11796,
          "total": 1878891
        }
      }
    }
  }
}
